Year,City,Province,Registered_Voters,Votes_Cast,Turnout_Percent,High_Turnout
1970,Attock,Punjab,440377.0,107411.0,24.390692520272403,0
1970,Bahawalnagar,Punjab,528290.0,139159.0,26.341403395862123,0
1970,Bahawalpur,Punjab,428326.0,167702.0,39.15288822065436,0
1970,Bannu,KPK,159937.0,60511.0,37.83427224469635,0
1970,Chitral,KPK,95206.0,6418.0,6.741171774888137,0
1970,Dadu,Sindh,317123.0,125615.0,39.61081346985239,0
1970,Dera Ghazi Khan,Punjab,489310.0,102938.0,21.037379166581513,0
1970,Dera Ismail Khan,KPK,192759.0,45978.0,23.85258275878169,0
1970,Dir,KPK,214104.0,14187.0,6.626219033740612,0
1970,Faisalabad,Punjab,1657561.0,630502.0,38.03793646206686,0
1970,Gujranwala,Punjab,888451.0,327493.0,36.86112120983599,0
1970,Gujrat,Punjab,889553.0,251276.0,28.24744562718579,0
1970,Hazara,KPK,684342.0,118154.0,17.265343936219026,0
1970,Hyderabad,Sindh,728661.0,248222.0,34.065498222081324,0
1970,Jacobabad,Sindh,239091.0,44920.0,18.787825555959863,0
1970,Jhang,Punjab,721237.0,228359.0,31.66213047860828,0
1970,Jhelum,Punjab,527072.0,120125.0,22.791003885617144,0
1970,Kalat,Balochistan,410635.0,61891.0,15.072022599145226,0
1970,Karachi City,Sindh,1405975.0,302852.0,21.54035455822472,0
1970,Khairpur,Sindh,333256.0,128437.0,38.54004128957918,0
1970,Kohat,KPK,247590.0,35817.0,14.466254695262329,0
1970,Lahore,Punjab,1499267.0,543783.0,36.269923902813844,0
1970,Larkana,Sindh,337916.0,129665.0,38.371962262810875,0
1970,Mardan,KPK,434844.0,87100.0,20.030171739750347,0
1970,Mianwali,Punjab,460184.0,107168.0,23.28807607391826,0
1970,Multan,Punjab,1701299.0,611063.0,35.91743720533545,0
1970,Muzaffargarh,Punjab,683544.0,150520.0,22.020528305419987,0
1970,Peshawar,KPK,568107.0,126693.0,22.300904583115503,0
1970,Quetta,Balochistan,545410.0,138978.0,25.481380979446655,0
1970,Rahim Yar Khan,Punjab,602472.0,166960.0,27.712491202910677,0
1970,Rawalpindi,Punjab,805858.0,227353.0,28.212538685475604,0
1970,Sahiwal,Punjab,1350606.0,483541.0,35.801780830234726,0
1970,Sanghar,Sindh,312998.0,98600.0,31.501798733538234,0
1970,Sargodha,Punjab,923819.0,265269.0,28.71439102248384,0
1970,Shaheed Benazirabad,Sindh,467501.0,151442.0,32.3939414033339,0
1970,Sheikhupura,Punjab,724610.0,274420.0,37.87140668773547,0
1970,Sialkot,Punjab,1042659.0,398039.0,38.17537660922699,0
1970,Sukkur,Sindh,527683.0,122135.0,23.145524870045083,0
1970,Swat,KPK,460657.0,54299.0,11.78729510242979,0
1970,Tharparkar,Sindh,491072.0,145065.0,29.54047471653851,0
1970,Thatta,Sindh,174247.0,67368.0,38.66235860588704,0
1970,Tribal Area,KPK,16671.0,7599.0,45.58214864135325,0
1977,Bahawalpur,Punjab,159477.0,69544.0,43.607542153413966,0
1977,Hyderabad,Sindh,544485.0,230944.0,42.41512622018972,0
1977,Islamabad,Punjab,106970.0,43794.0,40.940450593624384,0
1977,Jacobabad,Sindh,174502.0,98824.0,56.63201567890339,1
1977,Karachi City,Sindh,485487.0,174771.0,35.999110171848066,0
1977,Khairpur,Sindh,199543.0,104997.0,52.618733806748416,1
1977,Larkana,Sindh,434085.0,0.0,0.0,0
1977,Peshawar,KPK,136262.0,47832.0,35.102963408727305,0
1977,Quetta,Balochistan,158747.0,30497.0,19.211071705292067,0
1977,Sahiwal,Punjab,376269.0,176691.0,46.958691786992816,0
1977,Sanghar,Sindh,173482.0,57740.0,33.28299189541278,0
1977,Shaheed Benazirabad,Sindh,188318.0,83886.0,44.54486559967714,0
1977,Sialkot,Punjab,338778.0,164423.0,48.534143303284154,0
1977,Sukkur,Sindh,682020.0,186984.0,27.416204803378204,0
1988,Abbottabad,KPK,716254.0,127588.0,17.81323385279524,0
1988,Attock,Punjab,525437.0,115405.0,21.963622660756666,0
1988,Badin,Sindh,345510.0,74342.0,21.51659865126914,0
1988,Bahawalnagar,Punjab,799540.0,159964.0,20.007004027315705,0
1988,Bahawalpur,Punjab,890087.0,176143.0,19.789413843815268,0
1988,Bannu,KPK,412107.0,56666.0,13.750312418862093,0
1988,Bhakkar,Punjab,385300.0,98413.0,25.541915390604725,0
1988,Chakwal,Punjab,527660.0,137549.0,26.067733009892734,0
1988,Charsadda,KPK,338681.0,63195.0,18.65915123670947,0
1988,Chitral,KPK,116406.0,32819.0,28.1935639056406,0
1988,Dadu,Sindh,595992.0,188454.0,31.62022309024282,0
1988,Dera Ghazi Khan,Punjab,671467.0,136396.0,20.313135269492022,0
1988,Dera Ismail Khan,KPK,373098.0,62472.0,16.744126208127625,0
1988,Dir,KPK,288298.0,35288.0,12.240112661204726,0
1988,Faisalabad,Punjab,1934653.0,443574.0,22.927832536377323,0
1988,Gujranwala,Punjab,1519085.0,358510.0,23.60039102486036,0
1988,Gujrat,Punjab,1447361.0,312565.0,21.59551072607318,0
1988,Hyderabad,Sindh,925082.0,318419.0,34.42062433384284,0
1988,Islamabad,Punjab,186306.0,39994.0,21.466834133092867,0
1988,Jacobabad,Sindh,555797.0,101754.0,18.307763446006366,0
1988,Jaffarabad,Balochistan,223164.0,50854.0,22.78772561882741,0
1988,Jhang,Punjab,976538.0,224039.0,22.942169173140215,0
1988,Jhelum,Punjab,424037.0,91296.0,21.530196657367163,0
1988,Kachhi,Balochistan,217516.0,21625.0,9.941797385019953,0
1988,Kalat,Balochistan,247407.0,19356.0,7.823545817216167,0
1988,Karachi City,Sindh,2947967.0,880257.0,29.85979829489272,0
1988,Karak,KPK,162672.0,26411.0,16.235738172518936,0
1988,Kasur,Punjab,870673.0,213580.0,24.530449433943627,0
1988,Kech,Balochistan,171311.0,16094.0,9.394609803223378,0
1988,Khairpur,Sindh,566370.0,175470.0,30.981513851369247,0
1988,Khanewal,Punjab,488306.0,104076.0,21.3136844519625,0
1988,Khushab,Punjab,243262.0,56750.0,23.328756649209495,0
1988,Khuzdar,Balochistan,170265.0,15206.0,8.930784365547822,0
1988,Kohat,KPK,316611.0,30554.0,9.650328005028253,0
1988,Kohistan,KPK,146332.0,5525.0,3.7756608260667526,0
1988,Lahore,Punjab,1924498.0,437915.0,22.754765138753065,0
1988,Larkana,Sindh,651886.0,228689.0,35.08113381787613,0
1988,Las Bela,Balochistan,160183.0,17423.0,10.87693450615858,0
1988,Layyah,Punjab,414535.0,74469.0,17.964466209125888,0
1988,Loralai,Balochistan,154840.0,11484.0,7.416688194265047,0
1988,Malakand,KPK,260373.0,39174.0,15.045338802410388,0
1988,Mansehra,KPK,519871.0,66525.0,12.79644373315688,0
1988,Mardan,KPK,469516.0,69633.0,14.830804488025967,0
1988,Mianwali,Punjab,451454.0,87546.0,19.392008931142488,0
1988,Multan,Punjab,1735160.0,331430.0,19.1008321999124,0
1988,Muzaffargarh,Punjab,895613.0,185521.0,20.714415713036768,0
1988,Okara,Punjab,667510.0,150968.0,22.616590013632752,0
1988,Pashin,Balochistan,315027.0,24959.0,7.922812965237901,0
1988,Peshawar,KPK,799828.0,125412.0,15.679871172302045,0
1988,Quetta,Balochistan,313167.0,22903.0,7.313350384938387,0
1988,Rahim Yar Khan,Punjab,1131889.0,202604.0,17.899635034884163,0
1988,Rajanpur,Punjab,323678.0,52936.0,16.354525176255414,0
1988,Rawalpindi,Punjab,1295514.0,306422.0,23.652542542959782,0
1988,Sahiwal,Punjab,1564100.0,349021.0,22.31449395818682,0
1988,Sanghar,Sindh,470567.0,102604.0,21.804333920568165,0
1988,Sargodha,Punjab,1293610.0,317736.0,24.56196226065043,0
1988,Shaheed Benazirabad,Sindh,892506.0,205556.0,23.031329761368553,0
1988,Sheikhupura,Punjab,1240826.0,252350.0,20.33725921281469,0
1988,Shikarpur,Sindh,327438.0,81865.0,25.001679707303364,0
1988,Sialkot,Punjab,1538650.0,324117.0,21.065024534494526,0
1988,Sibi,Balochistan,194195.0,16945.0,8.725765338963413,0
1988,Sukkur,Sindh,634240.0,163959.0,25.851255045408678,0
1988,Swabi,KPK,300217.0,40257.0,13.40930060589507,0
1988,Swat,KPK,718900.0,68991.0,9.596745027124774,0
1988,Tharparkar,Sindh,595670.0,115073.0,19.31824668020884,0
1988,Thatta,Sindh,368871.0,90621.0,24.567125092512015,0
1988,Toba Tek Singh,Punjab,678135.0,187737.0,27.684310646110287,0
1988,Tribal Area,KPK,34403.0,10858.0,31.56120105804726,0
1988,Vehari,Punjab,806339.0,199057.0,24.686515224986017,0
1988,Zhob,Balochistan,209206.0,13307.0,6.360716231848035,0
1990,Abbottabad,KPK,717943.0,161228.0,22.456935996311685,0
1990,Attock,Punjab,531296.0,139592.0,26.27386616876468,0
1990,Badin,Sindh,347835.0,78639.0,22.608133166587606,0
1990,Bahawalnagar,Punjab,804233.0,206515.0,25.678503617732673,0
1990,Bahawalpur,Punjab,894125.0,205984.0,23.037494757444428,0
1990,Bannu,KPK,412633.0,67348.0,16.321525423318057,0
1990,Bhakkar,Punjab,385429.0,119739.0,31.06642209070931,0
1990,Chakwal,Punjab,532596.0,159112.0,29.874801913645616,0
1990,Charsadda,KPK,339344.0,66452.0,19.58248856617474,0
1990,Chitral,KPK,116608.0,35269.0,30.24578073545554,0
1990,Dadu,Sindh,612938.0,162653.0,26.536615448870847,0
1990,Dera Ghazi Khan,Punjab,295661.0,154738.0,52.33629054897332,1
1990,Dera Ismail Khan,KPK,377482.0,64533.0,17.09564959388792,0
1990,Dir,KPK,288550.0,28533.0,9.88840755501646,0
1990,Faisalabad,Punjab,2097553.0,541154.0,25.799300422921373,0
1990,Gujranwala,Punjab,1519285.0,396752.0,26.114389334456668,0
1990,Gujrat,Punjab,1450415.0,360044.0,24.823516028171248,0
1990,Hyderabad,Sindh,941522.0,334216.0,35.49741801041293,0
1990,Islamabad,Punjab,189972.0,56795.0,29.896511064788495,0
1990,Jacobabad,Sindh,569512.0,134761.0,23.662539156330332,0
1990,Jaffarabad,Balochistan,227619.0,24131.0,10.601487573532966,0
1990,Jhang,Punjab,1110652.0,282407.0,25.427136492798823,0
1990,Jhelum,Punjab,428338.0,115983.0,27.077448183443913,0
1990,Kachhi,Balochistan,223756.0,42586.0,19.032338797618834,0
1990,Kalat,Balochistan,250652.0,18647.0,7.439398049885898,0
1990,Karachi City,Sindh,3177403.0,1009740.0,31.77878286134935,0
1990,Karak,KPK,163217.0,27866.0,17.07297646691215,0
1990,Kasur,Punjab,871885.0,198295.0,22.743251690303193,0
1990,Kech,Balochistan,184111.0,26166.0,14.212078583028717,0
1990,Khairpur,Sindh,570759.0,153438.0,26.883150331400817,0
1990,Khanewal,Punjab,743093.0,198522.0,26.715633171083564,0
1990,Khushab,Punjab,248271.0,61854.0,24.91390456396438,0
1990,Khuzdar,Balochistan,173834.0,21294.0,12.24961745113154,0
1990,Kohat,KPK,318861.0,27848.0,8.733586108053352,0
1990,Kohistan,KPK,146623.0,7752.0,5.2870286380717895,0
1990,Lahore,Punjab,1964748.0,509846.0,25.949689222231044,0
1990,Larkana,Sindh,657312.0,233827.0,35.57321332943869,0
1990,Las Bela,Balochistan,184340.0,20487.0,11.11370294021916,0
1990,Layyah,Punjab,415552.0,112294.0,27.02285153241953,0
1990,Loralai,Balochistan,166280.0,15864.0,9.54053403897041,0
1990,Malakand,KPK,263075.0,31331.0,11.909531502423263,0
1990,Mansehra,KPK,525238.0,67452.0,12.842178212543647,0
1990,Mardan,KPK,472058.0,73332.0,15.534531773637985,0
1990,Mianwali,Punjab,455566.0,125349.0,27.515003314558157,0
1990,Multan,Punjab,1739081.0,435225.0,25.026148868281584,0
1990,Muzaffargarh,Punjab,887009.0,203653.0,22.959519012772137,0
1990,Naushahro Feroze,Sindh,435047.0,145195.0,33.374554933145156,0
1990,Nowshera,KPK,198702.0,38389.0,19.31988606053286,0
1990,Okara,Punjab,916956.0,242706.0,26.46866370905474,0
1990,Pakpattan,Punjab,279082.0,60593.0,21.711539977497655,0
1990,Pashin,Balochistan,314901.0,34003.0,10.797996830749982,0
1990,Peshawar,KPK,606886.0,121185.0,19.968330131194325,0
1990,Quetta,Balochistan,323842.0,37874.0,11.695209392234485,0
1990,Rahim Yar Khan,Punjab,1146206.0,258506.0,22.553188519341198,0
1990,Rajanpur,Punjab,324478.0,76446.0,23.55968663514938,0
1990,Rawalpindi,Punjab,1317884.0,400555.0,30.393797936692458,0
1990,Sahiwal,Punjab,1043313.0,249806.0,23.943533723820178,0
1990,Sanghar,Sindh,489077.0,149258.0,30.518302843928463,0
1990,Sargodha,Punjab,1296504.0,346048.0,26.690854791038056,0
1990,Shaheed Benazirabad,Sindh,433675.0,106389.0,24.53196518129936,0
1990,Sheikhupura,Punjab,1240763.0,252050.0,20.314113170686102,0
1990,Shikarpur,Sindh,330800.0,81494.0,24.635429262394197,0
1990,Sialkot,Punjab,1341483.0,410095.0,30.570271855849086,0
1990,Sibi,Balochistan,200732.0,57094.0,28.442898989697706,0
1990,Sukkur,Sindh,638051.0,159070.0,24.930608995205713,0
1990,Swabi,KPK,301602.0,51909.0,17.21109276463684,0
1990,Swat,KPK,723444.0,76490.0,10.573036751980803,0
1990,Tharparkar,Sindh,610845.0,126898.0,20.774173480997636,0
1990,Thatta,Sindh,369791.0,81144.0,21.94320575676531,0
1990,Toba Tek Singh,Punjab,683657.0,211411.0,30.92354791949764,0
1990,Tribal Area,KPK,291371.0,5515.0,1.8927758768031135,0
1990,Vehari,Punjab,807462.0,210305.0,26.045188504226825,0
1990,Zhob,Balochistan,213637.0,15965.0,7.472956463533939,0
1993,Abbottabad,KPK,529572.0,136787.0,25.82972664717923,0
1993,Attock,Punjab,547380.0,131131.0,23.956118235960393,0
1993,Badin,Sindh,411632.0,78774.0,19.13699615190267,0
1993,Bahawalnagar,Punjab,869554.0,252294.0,29.01418428297725,0
1993,Bahawalpur,Punjab,976724.0,222317.0,22.761496594739146,0
1993,Bannu,KPK,208183.0,23615.0,11.343385386895184,0
1993,Batagram,KPK,91530.0,14226.0,15.542445099967223,0
1993,Bhakkar,Punjab,413541.0,124935.0,30.211031070679812,0
1993,Buner,KPK,121297.0,22151.0,18.261787183524735,0
1993,Chakwal,Punjab,574362.0,154668.0,26.928661715085607,0
1993,Charsadda,KPK,342603.0,56164.0,16.39331821379264,0
1993,Chitral,KPK,312734.0,16275.0,5.20410316754814,0
1993,Dadu,Sindh,705037.0,149635.0,21.223708826628958,0
1993,Dera Ghazi Khan,Punjab,720070.0,163375.0,22.688766369936257,0
1993,Dera Ismail Khan,KPK,419717.0,59233.0,14.11260444537629,0
1993,Dir,KPK,551898.0,78735.0,14.266223106443581,0
1993,Faisalabad,Punjab,2217898.0,554903.0,25.01932009497281,0
1993,Ghotki,Sindh,224488.0,48613.0,21.65505505862229,0
1993,Gujranwala,Punjab,1316532.0,327791.0,24.898065523663686,0
1993,Gujrat,Punjab,968030.0,239274.0,24.71762238773592,0
1993,Hafizabad,Punjab,305914.0,81243.0,26.557463862392698,0
1993,Haripur,KPK,245350.0,69386.0,28.280415732626857,0
1993,Hyderabad,Sindh,879246.0,117109.0,13.31925308730435,0
1993,Islamabad,Punjab,211821.0,59308.0,27.99911245816043,0
1993,Jacobabad,Sindh,635759.0,74444.0,11.709468525022846,0
1993,Jaffarabad,Balochistan,274013.0,28195.0,10.289657789958872,0
1993,Jhal Magsi,Balochistan,237719.0,13252.0,5.574649060445315,0
1993,Jhang,Punjab,1290356.0,282606.0,21.901397753798175,0
1993,Jhelum,Punjab,459487.0,122768.0,26.718492579768306,0
1993,Kalat,Balochistan,284580.0,22589.0,7.9376625202052145,0
1993,Karachi City,Sindh,3328900.0,293911.0,8.82907266664664,0
1993,Kasur,Punjab,914769.0,213516.0,23.340974606703988,0
1993,Kech,Balochistan,225734.0,28365.0,12.565674643607078,0
1993,Khairpur,Sindh,636531.0,134491.0,21.128743140554036,0
1993,Khanewal,Punjab,775412.0,198421.0,25.589106178392907,0
1993,Khushab,Punjab,260646.0,82146.0,31.516309477221977,0
1993,Khuzdar,Balochistan,213208.0,19126.0,8.97058271734644,0
1993,Kohat,KPK,345510.0,31863.0,9.222019623165755,0
1993,Kohistan,KPK,156606.0,5997.0,3.829355197118885,0
1993,Lahore,Punjab,2099196.0,507364.0,24.1694439204343,0
1993,Lakki Marwat,KPK,235617.0,35033.0,14.868621534099832,0
1993,Larkana,Sindh,745476.0,175976.0,23.605857197280663,0
1993,Las Bela,Balochistan,184340.0,33720.0,18.2922859932733,0
1993,Layyah,Punjab,440573.0,115812.0,26.286676668792687,0
1993,Lodhran,Punjab,545275.0,149880.0,27.487047819907385,0
1993,Loralai,Balochistan,199780.0,18298.0,9.159074982480728,0
1993,Mandi Bahauddin,Punjab,565747.0,115041.0,20.3343544022328,0
1993,Mansehra,KPK,471181.0,81073.0,17.206338965280857,0
1993,Mardan,KPK,2665961.0,71644.0,2.6873611429424513,0
1993,Mianwali,Punjab,462073.0,85286.0,18.45725675380297,0
1993,Mirpur Khas,Sindh,467557.0,82839.0,17.71741199468728,0
1993,Multan,Punjab,1314965.0,319696.0,24.31212998064587,0
1993,Muzaffargarh,Punjab,1644674.0,227507.0,13.83295412951138,0
1993,Narowal,Punjab,440566.0,90953.0,20.644579926730614,0
1993,Naushahro Feroze,Sindh,497744.0,115049.0,23.114090777588476,0
1993,Nowshera,KPK,207538.0,36116.0,17.40211431159595,0
1993,Okara,Punjab,933340.0,214160.0,22.945550388925792,0
1993,Pakpattan,Punjab,309198.0,55704.0,18.01564046339239,0
1993,Pashin,Balochistan,321750.0,25879.0,8.043201243201244,0
1993,Peshawar,KPK,649235.0,103822.0,15.991436074764916,0
1993,Quetta,Balochistan,359350.0,47559.0,13.234729372478085,0
1993,Rahim Yar Khan,Punjab,1291774.0,304676.0,23.585859446002164,0
1993,Rajanpur,Punjab,352678.0,74183.0,21.034201169338605,0
1993,Rawalpindi,Punjab,1424847.0,393442.0,27.612929668939895,0
1993,Sahiwal,Punjab,1110759.0,260045.0,23.411469094556065,0
1993,Sanghar,Sindh,559984.0,102462.0,18.297308494528416,0
1993,Sargodha,Punjab,1342422.0,323978.0,24.13384166826825,0
1993,Shaheed Benazirabad,Sindh,479247.0,81016.0,16.904852821196588,0
1993,Sheikhupura,Punjab,1304815.0,280630.0,21.507263481796272,0
1993,Shikarpur,Sindh,363834.0,63166.0,17.361214180093118,0
1993,Sialkot,Punjab,1193933.0,325163.0,27.234610317329366,0
1993,Sibi,Balochistan,223757.0,27645.0,12.354920739909812,0
1993,Sukkur,Sindh,466491.0,98651.0,21.1474605083485,0
1993,Swabi,KPK,312751.0,55055.0,17.603460900204958,0
1993,Swat,KPK,493139.0,73701.0,14.945279120085816,0
1993,Tharparkar,Sindh,191222.0,63407.0,33.15884155588792,0
1993,Thatta,Sindh,318050.0,91759.0,28.850495205156424,0
1993,Toba Tek Singh,Punjab,720963.0,180305.0,25.00891169172343,0
1993,Tribal Area,KPK,38234.0,9585.0,25.06931003818591,0
1993,Vehari,Punjab,862770.0,216010.0,25.036800074179677,0
1993,Zhob,Balochistan,400656.0,40798.0,10.182800207659438,0
1997,Abbottabad,KPK,549425.0,117411.0,21.369795695499842,0
1997,Attock,Punjab,563670.0,151196.0,26.82349601717317,0
1997,Badin,Sindh,443886.0,51882.0,11.68813614306376,0
1997,Bahawalnagar,Punjab,939587.0,214636.0,22.84365364782612,0
1997,Bahawalpur,Punjab,666290.0,163385.0,24.52160470665926,0
1997,Bannu,KPK,217196.0,19070.0,8.780088031087129,0
1997,Batagram,KPK,102241.0,17242.0,16.864076055594136,0
1997,Bhakkar,Punjab,453682.0,120003.0,26.450906141306024,0
1997,Buner,KPK,282519.0,22662.0,8.02140740976713,0
1997,Chakwal,Punjab,589942.0,170128.0,28.83808916808771,0
1997,Charsadda,KPK,344795.0,53059.0,15.388564219318726,0
1997,Chitral,KPK,124469.0,24302.0,19.524540246969124,0
1997,Dadu,Sindh,756184.0,116858.0,15.453646202511559,0
1997,Dera Ghazi Khan,Punjab,751879.0,142834.0,18.99693966715389,0
1997,Dera Ismail Khan,KPK,446445.0,74486.0,16.68425001959928,0
1997,Dir,KPK,617869.0,56805.0,9.193696398427498,0
1997,Faisalabad,Punjab,2273624.0,575940.0,25.331365256524386,0
1997,Ghotki,Sindh,231569.0,46385.0,20.03074677525921,0
1997,Gujranwala,Punjab,1384136.0,324838.0,23.468647589543224,0
1997,Gujrat,Punjab,1024459.0,262140.0,25.588139691290717,0
1997,Hafizabad,Punjab,305014.0,63925.0,20.958054384388912,0
1997,Haripur,KPK,256699.0,73150.0,28.496410192482248,0
1997,Hyderabad,Sindh,1110523.0,233135.0,20.99326173343551,0
1997,Islamabad,Punjab,228651.0,67500.0,29.520973011270453,0
1997,Jacobabad,Sindh,670355.0,75025.0,11.19183119391964,0
1997,Jaffarabad,Balochistan,287570.0,18703.0,6.503807768543311,0
1997,Jhang,Punjab,1324141.0,291912.0,22.045386405224217,0
1997,Jhelum,Punjab,473790.0,133449.0,28.16627619831571,0
1997,Kachhi,Balochistan,264790.0,26363.0,9.956191699082291,0
1997,Kalat,Balochistan,305160.0,26775.0,8.774085725521038,0
1997,Karachi City,Sindh,3634041.0,613589.0,16.884482040791504,0
1997,Karak,KPK,178803.0,22959.0,12.840388584084158,0
1997,Kasur,Punjab,3285232.0,240109.0,7.308738013023129,0
1997,Kech,Balochistan,243554.0,39838.0,16.356947535248857,0
1997,Khairpur,Sindh,671566.0,111634.0,16.622938028429076,0
1997,Khanewal,Punjab,796533.0,185451.0,23.28227455736297,0
1997,Khushab,Punjab,270891.0,68959.0,25.456364367956112,0
1997,Khuzdar,Balochistan,246732.0,25615.0,10.381709709320235,0
1997,Kohat,KPK,361656.0,62412.0,17.257283164111755,0
1997,Kohistan,KPK,158178.0,10686.0,6.755680309524712,0
1997,Lahore,Punjab,2190629.0,464859.0,21.22034356342402,0
1997,Lakki Marwat,KPK,241264.0,35772.0,14.826911598912396,0
1997,Larkana,Sindh,809312.0,121414.0,15.00212526195089,0
1997,Las Bela,Balochistan,199228.0,33026.0,16.576987170478045,0
1997,Layyah,Punjab,455791.0,113808.0,24.969339017225,0
1997,Lodhran,Punjab,290216.0,72957.0,25.138862088926867,0
1997,Loralai,Balochistan,227460.0,20428.0,8.980919722148949,0
1997,Mandi Bahauddin,Punjab,576215.0,120525.0,20.9166717284347,0
1997,Mansehra,KPK,500832.0,67356.0,13.448821161587118,0
1997,Mardan,KPK,513215.0,65529.0,12.768332959870621,0
1997,Mianwali,Punjab,499463.0,93008.0,18.62159959796822,0
1997,Mirpur Khas,Sindh,495503.0,61155.0,12.342003983830573,0
1997,Multan,Punjab,1652378.0,386888.0,23.414013016392133,0
1997,Muzaffargarh,Punjab,974222.0,249381.0,25.59796432435318,0
1997,Narowal,Punjab,451688.0,96617.0,21.390207399798093,0
1997,Naushahro Feroze,Sindh,506341.0,87414.0,17.26385973089282,0
1997,Nowshera,KPK,221331.0,43511.0,19.658791583646213,0
1997,Okara,Punjab,962296.0,199247.0,20.705375476984216,0
1997,Pakpattan,Punjab,627268.0,133976.0,21.358653717390332,0
1997,Pashin,Balochistan,366817.0,25476.0,6.945152487480133,0
1997,Peshawar,KPK,676876.0,98475.0,14.54845496073136,0
1997,Quetta,Balochistan,411039.0,25261.0,6.14564554701622,0
1997,Rahim Yar Khan,Punjab,1406025.0,283435.0,20.15860315428246,0
1997,Rajanpur,Punjab,368877.0,73112.0,19.82015685445284,0
1997,Rawalpindi,Punjab,1491167.0,379591.0,25.455968379128564,0
1997,Sahiwal,Punjab,860236.0,232191.0,26.991546505842585,0
1997,Sanghar,Sindh,590056.0,98673.0,16.72265005355424,0
1997,Sargodha,Punjab,1393924.0,336547.0,24.14385576258103,0
1997,Shaheed Benazirabad,Sindh,528867.0,78007.0,14.749833133850288,0
1997,Sheikhupura,Punjab,1356154.0,302191.0,22.282941317873927,0
1997,Shikarpur,Sindh,391905.0,47815.0,12.200660874446614,0
1997,Sialkot,Punjab,1191224.0,333628.0,28.00715902298812,0
1997,Sibi,Balochistan,246940.0,29276.0,11.85551146027375,0
1997,Sukkur,Sindh,494078.0,94275.0,19.08099530843308,0
1997,Swabi,KPK,327086.0,39828.0,12.176614101490129,0
1997,Swat,KPK,531072.0,50160.0,9.445046999276935,0
1997,Tharparkar,Sindh,195760.0,53888.0,27.527584797711484,0
1997,Thatta,Sindh,426926.0,77951.0,18.258667778490885,0
1997,Toba Tek Singh,Punjab,751477.0,188594.0,25.096443404122816,0
1997,Tribal Area,KPK,1600728.0,150303.0,9.389665202332939,0
1997,Vehari,Punjab,886269.0,236583.0,26.694265510809924,0
1997,Zhob,Balochistan,250172.0,14679.0,5.867563116575796,0
2002,Abbottabad,KPK,607991.0,81542.0,13.411711686521677,0
2002,Attock,Punjab,754217.0,194377.0,25.772025822806967,0
2002,Awaran,Balochistan,252610.0,40156.0,15.8964411543486,0
2002,Badin,Sindh,661521.0,141768.0,21.430612180112195,0
2002,Bahawalnagar,Punjab,1146222.0,250389.0,21.844721179666767,0
2002,Bahawalpur,Punjab,1376668.0,285814.0,20.761287398268863,0
2002,Bannu,KPK,297451.0,78886.0,26.52067063146535,0
2002,Batagram,KPK,139808.0,24092.0,17.23220416571298,0
2002,Bhakkar,Punjab,559486.0,198639.0,35.50383745080306,0
2002,Buner,KPK,269067.0,34224.0,12.71950852389925,0
2002,Chakwal,Punjab,745525.0,173995.0,23.33858690184769,0
2002,Charsadda,KPK,459514.0,98243.0,21.37976209647584,0
2002,Chiniot,Punjab,513654.0,109490.0,21.31590525918225,0
2002,Chitral,KPK,170954.0,36130.0,21.13434023187524,0
2002,Dadu,Sindh,607160.0,119202.0,19.632716252717568,0
2002,Dera Ghazi Khan,Punjab,902618.0,194574.0,21.55662749911923,0
2002,Dera Ismail Khan,KPK,538877.0,102226.0,18.970191713507905,0
2002,Dir,KPK,558854.0,93161.0,16.670006835416764,0
2002,Faisalabad,Punjab,3147163.0,545702.0,17.339489565681852,0
2002,Ghotki,Sindh,567136.0,146246.0,25.78676014218812,0
2002,Gujranwala,Punjab,4617609.0,346722.0,7.50869118628277,0
2002,Gujrat,Punjab,1224505.0,284857.0,23.26303281734252,0
2002,Hafizabad,Punjab,428148.0,118450.0,27.665667012341526,0
2002,Hangu,KPK,160984.0,25252.0,15.686030909904089,0
2002,Haripur,KPK,453508.0,81496.0,17.97013503620664,0
2002,Hyderabad,Sindh,733513.0,122844.0,16.74735144435068,0
2002,Islamabad,Punjab,383603.0,88249.0,23.00529453627839,0
2002,Jacobabad,Sindh,534252.0,92760.0,17.36259293367175,0
2002,Jamshoro,Sindh,340793.0,76568.0,22.467597632580482,0
2002,Jhang,Punjab,1065640.0,227818.0,21.37851432003303,0
2002,Jhelum,Punjab,584357.0,121939.0,20.867209599611197,0
2002,Kachhi,Balochistan,230836.0,57751.0,25.018194735656486,0
2002,Kalat,Balochistan,219071.0,21559.0,9.841101743270446,0
2002,Karachi City,Sindh,4744013.0,781828.0,16.480308970485535,0
2002,Karak,KPK,251508.0,31325.0,12.454872210824309,0
2002,Kashmore,Sindh,289394.0,82810.0,28.614967829326112,0
2002,Kasur,Punjab,1265726.0,234314.0,18.512221444451644,0
2002,Kech,Balochistan,281748.0,44177.0,15.679614407200763,0
2002,Khairpur,Sindh,894722.0,180355.0,20.157657909384145,0
2002,Khanewal,Punjab,1182997.0,315512.0,26.67056636660955,0
2002,Kharan,Balochistan,198911.0,25775.0,12.95805661828657,0
2002,Khushab,Punjab,531239.0,132679.0,24.97538772567526,0
2002,Khuzdar,Balochistan,252902.0,27269.0,10.78243746589588,0
2002,Killa Abdullah,Balochistan,265538.0,35385.0,13.32577634839458,0
2002,Kohat,KPK,317082.0,46130.0,14.54828719384891,0
2002,Kohistan,KPK,251512.0,15603.0,6.203680142498171,0
2002,Lahore,Punjab,3263001.0,435415.0,13.344004491570796,0
2002,Lakki Marwat,KPK,234619.0,65938.0,28.104288229001064,0
2002,Larkana,Sindh,797676.0,146189.0,18.326864541493038,0
2002,Layyah,Punjab,579347.0,161179.0,27.820805147864753,0
2002,Lodhran,Punjab,654133.0,197860.0,30.247671345124004,0
2002,Loralai,Balochistan,272509.0,21385.0,7.847447240274633,0
2002,Malakand,KPK,206496.0,37663.0,18.239094219742753,0
2002,Mandi Bahauddin,Punjab,726462.0,141484.0,19.47576060413346,0
2002,Mansehra,KPK,327352.0,40853.0,12.479838216965224,0
2002,Mardan,KPK,668417.0,176123.0,26.34926999163696,0
2002,Matiari,Sindh,276462.0,102059.0,36.91610420238586,0
2002,Mianwali,Punjab,620008.0,116947.0,18.86217597192294,0
2002,Mirpur Khas,Sindh,521058.0,120265.0,23.080923812704153,0
2002,Multan,Punjab,1742074.0,272682.0,15.652721985403605,0
2002,Muzaffargarh,Punjab,1305813.0,299516.0,22.93712805738647,0
2002,Nankana Sahib,Punjab,796132.0,172527.0,21.670652605346852,0
2002,Narowal,Punjab,728324.0,123328.0,16.933123170457105,0
2002,Nasirabad,Balochistan,493722.0,62107.0,12.579346271788577,0
2002,Naushahro Feroze,Sindh,654552.0,159873.0,24.424797418692478,0
2002,Nowshera,KPK,401220.0,74121.0,18.47390459099746,0
2002,Okara,Punjab,1232266.0,286695.0,23.265674781256646,0
2002,Pakpattan,Punjab,723675.0,162715.0,22.48454071233634,0
2002,Pashin,Balochistan,270777.0,37022.0,13.672505419588813,0
2002,Peshawar,KPK,899069.0,137202.0,15.260452757241103,0
2002,Qambar Shahdadkot,Sindh,255723.0,36929.0,14.44101625587061,0
2002,Quetta,Balochistan,680164.0,61124.0,8.986656159396851,0
2002,Rahim Yar Khan,Punjab,1711055.0,381055.0,22.270178340263755,0
2002,Rajanpur,Punjab,597562.0,128813.0,21.55642427061962,0
2002,Rawalpindi,Punjab,1999219.0,399682.0,19.99190683962087,0
2002,Sahiwal,Punjab,1063405.0,209259.0,19.67820350666021,0
2002,Sanghar,Sindh,763686.0,189955.0,24.873442750030772,0
2002,Sargodha,Punjab,1512849.0,341526.0,22.575022358477284,0
2002,Shaheed Benazirabad,Sindh,636449.0,135504.0,21.29062972838358,0
2002,Shangla,KPK,225373.0,25960.0,11.51868236212856,0
2002,Sheikhupura,Punjab,1214898.0,228468.0,18.805529353081493,0
2002,Shikarpur,Sindh,255576.0,53235.0,20.82942060287351,0
2002,Sialkot,Punjab,1579640.0,287710.0,18.213643615000883,0
2002,Sibi,Balochistan,308704.0,92555.0,29.981794858505236,0
2002,Sukkur,Sindh,524878.0,86985.0,16.57242254390544,0
2002,Swabi,KPK,474220.0,103921.0,21.91409050651596,0
2002,Swat,KPK,630157.0,132893.0,21.088871503450726,0
2002,Tando Allah Yar,Sindh,274892.0,50624.0,18.41595972236369,0
2002,Tando Muhammad Khan,Sindh,262149.0,53705.0,20.486440917188318,0
2002,Tharparkar,Sindh,463477.0,145835.0,31.465423311189124,0
2002,Thatta,Sindh,616536.0,127428.0,20.668379462026547,0
2002,Toba Tek Singh,Punjab,971678.0,210956.0,21.710484337403955,0
2002,Tor Ghar,KPK,310360.0,46311.0,14.921703827812863,0
2002,Tribal Area,KPK,1283974.0,141913.0,11.05263813753238,0
2002,Umerkot,Sindh,261464.0,58161.0,22.24436251262124,0
2002,Vehari,Punjab,1134295.0,272616.0,24.033959419727672,0
2002,Zhob,Balochistan,198124.0,20381.0,10.28699198481759,0
2008,Abbottabad,KPK,661578.0,130627.0,19.744761766564185,0
2008,Attock,Punjab,854873.0,180898.0,21.160804002465863,0
2008,Awaran,Balochistan,247737.0,50476.0,20.37483298820927,0
2008,Badin,Sindh,620932.0,176085.0,28.358177707059713,0
2008,Bahawalnagar,Punjab,1003440.0,211245.0,21.05208084190385,0
2008,Bahawalpur,Punjab,1664220.0,329622.0,19.80639578901828,0
2008,Bannu,KPK,381335.0,91484.0,23.990454587174007,0
2008,Batagram,KPK,151437.0,22316.0,14.736160911798304,0
2008,Bhakkar,Punjab,567027.0,182216.0,32.13533041636465,0
2008,Buner,KPK,290460.0,21801.0,7.505680644494939,0
2008,Chakwal,Punjab,828054.0,217638.0,26.283068495532902,0
2008,Charsadda,KPK,521008.0,87860.0,16.863464668488774,0
2008,Chiniot,Punjab,614708.0,121098.0,19.700085243725475,0
2008,Chitral,KPK,197022.0,33278.0,16.890499538122647,0
2008,Dadu,Sindh,827774.0,170960.0,20.652980161251744,0
2008,Dera Ghazi Khan,Punjab,1107680.0,141473.0,12.772009966777409,0
2008,Dera Ismail Khan,KPK,667343.0,128233.0,19.21545591996919,0
2008,Dir,KPK,639839.0,65662.0,10.26226910207099,0
2008,Faisalabad,Punjab,2958781.0,702117.0,23.72994148603766,0
2008,Ghotki,Sindh,578149.0,133736.0,23.131753233163078,0
2008,Gujranwala,Punjab,2435648.0,420218.0,17.2528214257561,0
2008,Gujrat,Punjab,1287289.0,340874.0,26.47999011876898,0
2008,Hafizabad,Punjab,402656.0,113104.0,28.089485814193754,0
2008,Hangu,KPK,187636.0,22180.0,11.820759342556865,0
2008,Haripur,KPK,484252.0,98670.0,20.375754772308632,0
2008,Hyderabad,Sindh,1044965.0,417913.0,39.993014120090145,0
2008,Islamabad,Punjab,482801.0,106962.0,22.154469439789892,0
2008,Jacobabad,Sindh,555397.0,164391.0,29.598827505370036,0
2008,Jamshoro,Sindh,500064.0,138320.0,27.660459461188967,0
2008,Jhang,Punjab,1279608.0,264700.0,20.68602259441954,0
2008,Jhelum,Punjab,748706.0,172141.0,22.991801855467966,0
2008,Kachhi,Balochistan,242024.0,61249.0,25.306994347668,0
2008,Kalat,Balochistan,210875.0,19355.0,9.178423236514522,0
2008,Karachi City,Sindh,6682145.0,2403255.0,35.9653225124567,0
2008,Karak,KPK,291693.0,28665.0,9.82711275210581,0
2008,Kashmore,Sindh,292284.0,56515.0,19.335646152372348,0
2008,Kasur,Punjab,1179115.0,257893.0,21.871742790143458,0
2008,Kech,Balochistan,316766.0,61655.0,19.463894483625136,0
2008,Khairpur,Sindh,1105877.0,273254.0,24.709257901195162,0
2008,Khanewal,Punjab,1031791.0,266232.0,25.80290000591205,0
2008,Kharan,Balochistan,201952.0,22856.0,11.31754080177468,0
2008,Khushab,Punjab,557686.0,127437.0,22.851030866831874,0
2008,Khuzdar,Balochistan,186598.0,17609.0,9.436864275072617,0
2008,Killa Abdullah,Balochistan,392221.0,45590.0,11.623548968566192,0
2008,Kohat,KPK,357556.0,30681.0,8.580753784022642,0
2008,Kohistan,KPK,317734.0,14100.0,4.437674281002348,0
2008,Lahore,Punjab,3623987.0,753723.0,20.798170633614305,0
2008,Lakki Marwat,KPK,266658.0,61303.0,22.989372154595024,0
2008,Larkana,Sindh,799717.0,154367.0,19.302703331303448,0
2008,Layyah,Punjab,558726.0,134707.0,24.109670929937035,0
2008,Lodhran,Punjab,532511.0,132473.0,24.877044793440888,0
2008,Loralai,Balochistan,349596.0,52818.0,15.108296433597637,0
2008,Malakand,KPK,233458.0,34472.0,14.765825116295009,0
2008,Mandi Bahauddin,Punjab,648547.0,148114.0,22.837820543461,0
2008,Mansehra,KPK,437390.0,73644.0,16.837147625688743,0
2008,Mardan,KPK,773722.0,109414.0,14.141254869319988,0
2008,Matiari,Sindh,264342.0,97717.0,36.96612721398794,0
2008,Mianwali,Punjab,638012.0,132392.0,20.750706883256115,0
2008,Mirpur Khas,Sindh,686675.0,161240.0,23.48126843120836,0
2008,Multan,Punjab,2209883.0,406612.0,18.399707133816587,0
2008,Muzaffargarh,Punjab,1338107.0,341601.0,25.52867595790172,0
2008,Nankana Sahib,Punjab,681205.0,151152.0,22.188915231097834,0
2008,Narowal,Punjab,640517.0,171418.0,26.762443463639528,0
2008,Nasirabad,Balochistan,651356.0,76556.0,11.753326905716689,0
2008,Naushahro Feroze,Sindh,757564.0,208318.0,27.498402775211073,0
2008,Nowshera,KPK,501448.0,68742.0,13.708699605941193,0
2008,Okara,Punjab,1501832.0,338081.0,22.51123960602784,0
2008,Pakpattan,Punjab,651190.0,169415.0,26.01621646524056,0
2008,Pashin,Balochistan,365579.0,30611.0,8.373292776663867,0
2008,Peshawar,KPK,1224799.0,137289.0,11.209104514291733,0
2008,Qambar Shahdadkot,Sindh,148797.0,49524.0,33.282929091312326,0
2008,Quetta,Balochistan,764361.0,65709.0,8.596592447809346,0
2008,Rahim Yar Khan,Punjab,2154186.0,402909.0,18.70353813459005,0
2008,Rajanpur,Punjab,577784.0,128867.0,22.303663652852972,0
2008,Rawalpindi,Punjab,2431272.0,558880.0,22.987144178026973,0
2008,Sahiwal,Punjab,954640.0,208833.0,21.87557613341155,0
2008,Sanghar,Sindh,717757.0,229827.0,32.02016838567928,0
2008,Sargodha,Punjab,1940810.0,352857.0,18.180914154399453,0
2008,Shaheed Benazirabad,Sindh,633585.0,189598.0,29.924635210745205,0
2008,Shangla,KPK,263581.0,26928.0,10.216214370535054,0
2008,Sheikhupura,Punjab,1112561.0,281463.0,25.29865778146097,0
2008,Shikarpur,Sindh,275349.0,47379.0,17.206890164845344,0
2008,Sialkot,Punjab,1483856.0,384295.0,25.898402540408235,0
2008,Sibi,Balochistan,281867.0,56715.0,20.12119190965952,0
2008,Sukkur,Sindh,533590.0,167480.0,31.387394816244687,0
2008,Swabi,KPK,571258.0,76475.0,13.387121055635106,0
2008,Swat,KPK,815436.0,43923.0,5.386443571291923,0
2008,Tando Allah Yar,Sindh,273675.0,84669.0,30.937791175664564,0
2008,Tando Muhammad Khan,Sindh,318867.0,84041.0,26.35612967161857,0
2008,Tharparkar,Sindh,493245.0,245277.0,49.72721467019433,0
2008,Thatta,Sindh,793860.0,161950.0,20.40032247499559,0
2008,Toba Tek Singh,Punjab,890742.0,217332.0,24.39898421765225,0
2008,Tor Ghar,KPK,424569.0,51482.0,12.125708659840921,0
2008,Tribal Area,KPK,1280365.0,138424.0,10.811292092489252,0
2008,Umerkot,Sindh,274851.0,75080.0,27.316618822562045,0
2008,Vehari,Punjab,1325636.0,250672.0,18.90956491827319,0
2008,Zhob,Balochistan,222330.0,24204.0,10.886520037781676,0
2013,Abbottabad,KPK,675197.0,166388.0,24.642882003326434,0
2013,Attock,Punjab,1022143.0,205448.0,20.099731642245754,0
2013,Awaran,Balochistan,238664.0,56658.0,23.739650722354437,0
2013,Badin,Sindh,685380.0,239461.0,34.938428317137934,0
2013,Bahawalnagar,Punjab,1263957.0,348256.0,27.552836053758156,0
2013,Bahawalpur,Punjab,1515134.0,412162.0,27.203006466754754,0
2013,Bannu,KPK,444059.0,78294.0,17.631440867091985,0
2013,Batagram,KPK,204979.0,18572.0,9.060440337790702,0
2013,Bhakkar,Punjab,711924.0,215884.0,30.32402335080711,0
2013,Buner,KPK,360019.0,29170.0,8.102350153741886,0
2013,Chakwal,Punjab,929747.0,245103.0,26.362332978756587,0
2013,Charsadda,KPK,703567.0,90654.0,12.884913590319048,0
2013,Chiniot,Punjab,656934.0,171163.0,26.054824381140268,0
2013,Chitral,KPK,208810.0,29772.0,14.25793783822614,0
2013,Dadu,Sindh,609722.0,187168.0,30.697268591259625,0
2013,Dera Ghazi Khan,Punjab,1052529.0,194600.0,18.488801733728952,0
2013,Dera Ismail Khan,KPK,757789.0,166149.0,21.925496411270156,0
2013,Dir,KPK,872729.0,92057.0,10.548177040066275,0
2013,Faisalabad,Punjab,3623730.0,1156135.0,31.904556906833566,0
2013,Ghotki,Sindh,568065.0,211051.0,37.152614577557145,0
2013,Gujranwala,Punjab,2272501.0,724002.0,31.85925990791643,0
2013,Gujrat,Punjab,1583222.0,340504.0,21.507028073131877,0
2013,Hafizabad,Punjab,544001.0,171804.0,31.581559592721337,0
2013,Hangu,KPK,214703.0,24067.0,11.209438154101246,0
2013,Haripur,KPK,531865.0,117589.0,22.108805805984602,0
2013,Hyderabad,Sindh,845558.0,336742.0,39.82482573637763,0
2013,Islamabad,Punjab,627766.0,142179.0,22.648407209055605,0
2013,Jacobabad,Sindh,496177.0,105906.0,21.344399276870956,0
2013,Jamshoro,Sindh,369425.0,129500.0,35.05447655139744,0
2013,Jhang,Punjab,1086429.0,302007.0,27.79813499087377,0
2013,Jhelum,Punjab,776408.0,218243.0,28.109318811758765,0
2013,Kachhi,Balochistan,147595.0,42240.0,28.618855652291746,0
2013,Kalat,Balochistan,183932.0,19873.0,10.804536459126199,0
2013,Karachi City,Sindh,7167634.0,2160998.0,30.149390998480115,0
2013,Karak,KPK,314969.0,51481.0,16.344783137388124,0
2013,Kashmore,Sindh,251995.0,55808.0,22.146471160142067,0
2013,Kasur,Punjab,1463575.0,429451.0,29.342602873101825,0
2013,Kech,Balochistan,267667.0,15835.0,5.915932856870664,0
2013,Khairpur,Sindh,838502.0,254653.0,30.369993154458786,0
2013,Khanewal,Punjab,1293540.0,386790.0,29.901665197829214,0
2013,Kharan,Balochistan,158164.0,7388.0,4.671100882628158,0
2013,Khushab,Punjab,680471.0,187075.0,27.49198716771178,0
2013,Khuzdar,Balochistan,165632.0,26028.0,15.714354714064916,0
2013,Killa Abdullah,Balochistan,185836.0,37584.0,20.22428377709378,0
2013,Kohat,KPK,409775.0,68129.0,16.625953267036788,0
2013,Kohistan,KPK,127028.0,17498.0,13.77491576660264,0
2013,Lahore,Punjab,4422838.0,1337941.0,30.250734935351463,0
2013,Lakki Marwat,KPK,330921.0,63922.0,19.316392734217533,0
2013,Larkana,Sindh,835186.0,199766.0,23.918743848675625,0
2013,Layyah,Punjab,736509.0,204695.0,27.792599954650925,0
2013,Lodhran,Punjab,727145.0,171629.0,23.603132800198033,0
2013,Loralai,Balochistan,214322.0,31031.0,14.478681609914053,0
2013,Malakand,KPK,311172.0,51312.0,16.48991554510046,0
2013,Mandi Bahauddin,Punjab,815154.0,220510.0,27.051330178101317,0
2013,Mansehra,KPK,415191.0,106467.0,25.642896883602965,0
2013,Mardan,KPK,987122.0,129533.0,13.12228883562518,0
2013,Matiari,Sindh,288653.0,95724.0,33.1623090700599,0
2013,Mianwali,Punjab,758168.0,221298.0,29.188517584493145,0
2013,Mirpur Khas,Sindh,629376.0,195235.0,31.020407514744765,0
2013,Multan,Punjab,2107085.0,529373.0,25.12347627172136,0
2013,Muzaffargarh,Punjab,1682828.0,419883.0,24.951034805696125,0
2013,Nankana Sahib,Punjab,858276.0,217254.0,25.312836430239223,0
2013,Narowal,Punjab,792379.0,258383.0,32.60851183587652,0
2013,Nasirabad,Balochistan,409664.0,41604.0,10.155639743790033,0
2013,Naushahro Feroze,Sindh,600092.0,177844.0,29.636122461222612,0
2013,Nowshera,KPK,619948.0,102309.0,16.50283572170569,0
2013,Okara,Punjab,1402545.0,482103.0,34.37344256334021,0
2013,Pakpattan,Punjab,823521.0,226997.0,27.564202977216123,0
2013,Pashin,Balochistan,248179.0,48712.0,19.627768666970212,0
2013,Peshawar,KPK,1393205.0,235173.0,16.879999712892214,0
2013,Qambar Shahdadkot,Sindh,258115.0,87789.0,34.011583983883156,0
2013,Quetta,Balochistan,694087.0,68890.0,9.92526873432293,0
2013,Rahim Yar Khan,Punjab,1904573.0,516320.0,27.109488583530272,0
2013,Rajanpur,Punjab,724286.0,212278.0,29.30858804394949,0
2013,Rawalpindi,Punjab,2645486.0,744782.0,28.152936738277955,0
2013,Sahiwal,Punjab,1194367.0,371665.0,31.118157149351916,0
2013,Sanghar,Sindh,840330.0,257859.0,30.68544500374853,0
2013,Sargodha,Punjab,1861804.0,564666.0,30.32897125583574,0
2013,Shaheed Benazirabad,Sindh,668293.0,248701.0,37.21436555522802,0
2013,Shangla,KPK,296723.0,30916.0,10.419145128621645,0
2013,Sheikhupura,Punjab,1335354.0,357253.0,26.75343017656741,0
2013,Shikarpur,Sindh,260355.0,54013.0,20.745904630216437,0
2013,Sialkot,Punjab,1840347.0,609692.0,33.12918705005089,0
2013,Sibi,Balochistan,211471.0,22874.0,10.816613152630858,0
2013,Sukkur,Sindh,527565.0,137804.0,26.120762370513585,0
2013,Swabi,KPK,714454.0,100013.0,13.998521948228998,0
2013,Swat,KPK,981820.0,138489.0,14.105334990120388,0
2013,Tando Allah Yar,Sindh,300955.0,91956.0,30.5547340964596,0
2013,Tando Muhammad Khan,Sindh,260060.0,100095.0,38.48919480119972,0
2013,Tharparkar,Sindh,471729.0,150121.0,31.823568192754735,0
2013,Thatta,Sindh,663662.0,173773.0,26.183961112735098,0
2013,Toba Tek Singh,Punjab,1092882.0,313018.0,28.641518480494693,0
2013,Tor Ghar,KPK,392364.0,91013.0,23.19606283960812,0
2013,Tribal Area,KPK,1478947.0,147064.0,9.94383165860575,0
2013,Umerkot,Sindh,295065.0,99700.0,33.78916509921543,0
2013,Vehari,Punjab,1285562.0,342524.0,26.64391137883665,0
2013,Zhob,Balochistan,215250.0,30870.0,14.341463414634145,0
2018,Abbottabad,KPK,838728.0,180543.0,21.525810513062638,0
2018,Attock,Punjab,1210741.0,308494.0,25.479768175026695,0
2018,Awaran,Balochistan,222631.0,32866.0,14.762544299760592,0
2018,Badin,Sindh,756029.0,193852.0,25.640815365548146,0
2018,Bahawalnagar,Punjab,1549468.0,409141.0,26.405256513848624,0
2018,Bahawalpur,Punjab,1881465.0,440106.0,23.391665537227638,0
2018,Bannu,KPK,578872.0,113822.0,19.662723365441757,0
2018,Batagram,KPK,258155.0,34270.0,13.274970463481242,0
2018,Bhakkar,Punjab,871657.0,259036.0,29.7176527005462,0
2018,Buner,KPK,445474.0,58037.0,13.028145301409285,0
2018,Chagai,Balochistan,234291.0,14435.0,6.161141486442074,0
2018,Chakwal,Punjab,1103534.0,312711.0,28.337232926217045,0
2018,Charsadda,KPK,880826.0,142866.0,16.2195484692777,0
2018,Chiniot,Punjab,748050.0,157745.0,21.087494151460465,0
2018,Chitral,KPK,269579.0,48616.0,18.03404567863224,0
2018,Dadu,Sindh,733351.0,177238.0,24.168235947043094,0
2018,Dera Ghazi Khan,Punjab,1329079.0,311124.0,23.40899224199615,0
2018,Dera Ismail Khan,KPK,391557.0,80236.0,20.491524861003636,0
2018,Dir,KPK,1457679.0,198513.0,13.618430395169307,0
2018,Faisalabad,Punjab,4042407.0,1013101.0,25.06182578844733,0
2018,Ghotki,Sindh,706541.0,171821.0,24.318617037086312,0
2018,Gujranwala,Punjab,2776851.0,758402.0,27.31158423696482,0
2018,Gujrat,Punjab,1913654.0,410770.0,21.46521785024879,0
2018,Hafizabad,Punjab,684447.0,165618.0,24.19734471770641,0
2018,Hangu,KPK,275947.0,28819.0,10.443672154435452,0
2018,Haripur,KPK,657648.0,172609.0,26.24641145415176,0
2018,Hyderabad,Sindh,1042742.0,225776.0,21.65214405864538,0
2018,Islamabad,Punjab,765445.0,214526.0,28.026311492007917,0
2018,Jacobabad,Sindh,486064.0,92274.0,18.983919813028738,0
2018,Jaffarabad,Balochistan,310782.0,45222.0,14.551035774272641,0
2018,Jamshoro,Sindh,426469.0,133492.0,31.30168898560036,0
2018,Jhang,Punjab,1425801.0,288126.0,20.208009392615097,0
2018,Jhelum,Punjab,945508.0,205458.0,21.729906039927744,0
2018,Kalat,Balochistan,239161.0,26645.0,11.141030519190002,0
2018,Karachi City,Sindh,8108164.0,1205697.0,14.870160495026989,0
2018,Karak,KPK,404458.0,77181.0,19.082574704913736,0
2018,Kashmore,Sindh,454542.0,84742.0,18.643381689700842,0
2018,Kasur,Punjab,1847712.0,476980.0,25.81462911968965,0
2018,Kech,Balochistan,356909.0,68804.0,19.277743066159722,0
2018,Khairpur,Sindh,1095134.0,294486.0,26.890407931814735,0
2018,Khanewal,Punjab,1597719.0,427592.0,26.76265350790721,0
2018,Kharan,Balochistan,231728.0,18568.0,8.012842643098805,0
2018,Khushab,Punjab,828530.0,194312.0,23.452620906907416,0
2018,Khuzdar,Balochistan,228547.0,52875.0,23.13528508359331,0
2018,Killa Abdullah,Balochistan,232613.0,37971.0,16.323679244066327,0
2018,Kohat,KPK,506699.0,82248.0,16.232122029054725,0
2018,Kohistan,KPK,154620.0,15859.0,10.256758504721251,0
2018,Lahore,Punjab,5398622.0,1413150.0,26.176124203546756,0
2018,Lakki Marwat,KPK,421224.0,91065.0,21.619138510626176,0
2018,Larkana,Sindh,1016899.0,261503.0,25.715729880745286,0
2018,Layyah,Punjab,906623.0,203323.0,22.426410977881655,0
2018,Lodhran,Punjab,912954.0,247040.0,27.05941372730718,0
2018,Loralai,Balochistan,313891.0,42938.0,13.679270829682915,0
2018,Malakand,KPK,386449.0,81310.0,21.040292509490254,0
2018,Mandi Bahauddin,Punjab,1022878.0,247101.0,24.157426398847175,0
2018,Mansehra,KPK,526974.0,109282.0,20.737645500537027,0
2018,Mardan,KPK,1239939.0,215628.0,17.390210324862757,0
2018,Matiari,Sindh,342906.0,109960.0,32.067097105329154,0
2018,Mianwali,Punjab,916481.0,320960.0,35.020911508258216,0
2018,Mirpur Khas,Sindh,696338.0,181618.0,26.081874032438268,0
2018,Multan,Punjab,2556140.0,589499.0,23.06207797694962,0
2018,Muzaffargarh,Punjab,2030891.0,383963.0,18.906135287418184,0
2018,Nankana Sahib,Punjab,783199.0,135709.0,17.32752467763621,0
2018,Narowal,Punjab,1024244.0,266017.0,25.972034007521643,0
2018,Nasirabad,Balochistan,365862.0,53330.0,14.576534321684132,0
2018,Naushahro Feroze,Sindh,756835.0,201180.0,26.58175163675042,0
2018,Nowshera,KPK,756249.0,172374.0,22.79328633822987,0
2018,Okara,Punjab,1739098.0,495232.0,28.47637108432072,0
2018,Pakpattan,Punjab,1017459.0,257370.0,25.29536816716939,0
2018,Pashin,Balochistan,254366.0,50258.0,19.758143777077127,0
2018,Peshawar,KPK,1693387.0,357010.0,21.082599547534027,0
2018,Qambar Shahdadkot,Sindh,324402.0,72169.0,22.246780229468378,0
2018,Quetta,Balochistan,684400.0,60894.0,8.897428404441847,0
2018,Rahim Yar Khan,Punjab,2425998.0,552130.0,22.758881087288614,0
2018,Rajanpur,Punjab,887990.0,244170.0,27.496931271748554,0
2018,Rawalpindi,Punjab,2768636.0,674099.0,24.347693232335345,0
2018,Sahiwal,Punjab,1470330.0,387209.0,26.33483639727136,0
2018,Sanghar,Sindh,951327.0,260925.0,27.427477618106078,0
2018,Sargodha,Punjab,2282913.0,545346.0,23.88816393791616,0
2018,Shaheed Benazirabad,Sindh,775613.0,212264.0,27.367256608643743,0
2018,Shangla,KPK,374343.0,34070.0,9.101278773744935,0
2018,Sheikhupura,Punjab,1992996.0,470312.0,23.59824104012251,0
2018,Shikarpur,Sindh,305410.0,64187.0,21.016666120952163,0
2018,Sialkot,Punjab,2334498.0,578514.0,24.78108783986964,0
2018,Sibi,Balochistan,355316.0,22787.0,6.413164619662498,0
2018,Sukkur,Sindh,610161.0,154105.0,25.25644870780007,0
2018,Swabi,KPK,912633.0,162873.0,17.84649470268991,0
2018,Swat,KPK,1193110.0,201449.0,16.88436103963591,0
2018,Tando Allah Yar,Sindh,274941.0,79067.0,28.757806220243616,0
2018,Tando Muhammad Khan,Sindh,372026.0,52053.0,13.991764016493471,0
2018,Tank,KPK,180762.0,14813.0,8.194753322047776,0
2018,Tharparkar,Sindh,574330.0,185728.0,32.338202775407865,0
2018,Thatta,Sindh,789193.0,282671.0,35.81772772946542,0
2018,Toba Tek Singh,Punjab,1349066.0,364133.0,26.991488926412792,0
2018,Tor Ghar,KPK,510931.0,74889.0,14.657360778656999,0
2018,Tribal Area,KPK,2512301.0,234853.0,9.348123493164234,0
2018,Umerkot,Sindh,461867.0,162979.0,35.286998205111,0
2018,Vehari,Punjab,1595894.0,333652.0,20.906902338125214,0
2018,Zhob,Balochistan,269575.0,43851.0,16.26671612723732,0
2024,Abbottabad,KPK,952621.0,26784.0,2.811611333363426,0
2024,Attock,Punjab,828392.0,23488.0,2.835372625520285,0
2024,Badin,Sindh,501341.0,798.0,0.15917309775182958,0
2024,Bahawalnagar,Punjab,1632944.0,117289.0,7.182671297974701,0
2024,Bahawalpur,Punjab,2322545.0,277167.0,11.93376231676889,0
2024,Bannu,KPK,162621.0,1237.0,0.7606643668406909,0
2024,Battagram,KPK,232035.0,372.0,0.16032064128256512,0
2024,Bhakkar,Punjab,735805.0,152825.0,20.769769164384584,0
2024,Buner,KPK,562252.0,26106.0,4.643113763935033,0
2024,Chaghi-cum-Nushki-cum-Kharan-cum-Washuk,Balochistan,141904.0,54.0,0.03805389559138573,0
2024,Chakwal,Punjab,594009.0,1533.0,0.25807689782478044,0
2024,Charsadda,KPK,1066668.0,3401.0,0.31884335144581066,0
2024,Chiniot,Punjab,860902.0,60044.0,6.974545302485067,0
2024,Chitral,KPK,313550.0,9253.0,2.95104449051188,0
2024,Dadu,Sindh,930473.0,5945.0,0.6389223545444092,0
2024,Dera Ghazi Khan,Punjab,1236098.0,139512.0,11.286483757760307,0
2024,Dera Ismail Khan,KPK,508069.0,12864.0,2.531939559390555,0
2024,Faisalabad,Punjab,3204966.0,14423.0,0.45002037463111927,0
2024,Ghotki,Sindh,910662.0,93462.0,10.263083339372896,0
2024,Gujranwala,Punjab,1557334.0,7883.0,0.5061855709822042,0
2024,Gujrat,Punjab,1839697.0,24847.0,1.3506028438378712,0
2024,Hafizabad,Punjab,55963.0,1006.0,1.7976162821864445,0
2024,Hangu cum orakzai,KPK,230109.0,246.0,0.10690585765876172,0
2024,Haripur,KPK,724915.0,3174.0,0.43784443693398534,0
2024,Hub cum Lasbela cum awaran,Balochistan,368218.0,59172.0,16.06982819959915,0
2024,Hyderabad,Sindh,1016612.0,8492.0,0.8353236042856075,0
2024,Islamabad,ICT,1083028.0,89771.0,8.28889003793069,0
2024,Jacobabad,Sindh,277811.0,1064.0,0.38299419389441025,0
2024,Jacobabad-cum-Kashmore,Sindh,376504.0,131.0,0.03479378705139919,0
2024,Jamshoro,Sindh,477062.0,7891.0,1.6540826978464016,0
2024,Jhal Magsi-cum-Kachhi-cum-Nasirabad,Balochistan,599139.0,276.0,0.04606610486047478,0
2024,Jhang,Punjab,1435969.0,178519.0,12.43195361459753,0
2024,Jhelum,Punjab,881993.0,34567.0,3.919192102431652,0
2024,Kamber Shahdadkot,Sindh,820458.0,6217.0,0.7577475020049778,0
2024,Karachi Central,Sindh,1887542.0,113606.0,6.018727000511777,0
2024,Karachi East,Sindh,1469628.0,10824.0,0.7365129134719807,0
2024,Karachi Keamari,Sindh,638292.0,1469.0,0.2301454506714795,0
2024,Karachi Korangi,Sindh,932475.0,9334.0,1.0009919836992949,0
2024,Karachi South,Sindh,686135.0,408.0,0.0594635166548857,0
2024,Karachi West,Sindh,894469.0,7318.0,0.8181390299719722,0
2024,Karak,KPK,486754.0,14983.0,3.0781462504673818,0
2024,Kashmore,Sindh,402106.0,2125.0,0.528467617991276,0
2024,Kasur,Punjab,1557455.0,57455.0,3.6890311437569623,0
2024,Kech-cum-Gwadar,Balochistan,304040.0,20613.0,6.779700039468491,0
2024,Khairpur,Sindh,1368769.0,94325.0,6.891228541850378,0
2024,Khushab,Punjab,941186.0,190885.0,20.281325901575247,0
2024,Khuzdar,Balochistan,300082.0,18222.0,6.072340227004619,0
2024,Khyber Agency,KPK,638349.0,1216.0,0.19049140830486144,0
2024,Kohat,KPK,666239.0,1725.0,0.25891609467473387,0
2024,Kohistan Upper Cum Kohistan Lower cum Kolai palas,KPK,196125.0,26583.0,13.554110898661568,0
2024,Kot addu,Punjab,612433.0,5265.0,0.8596858758427451,0
2024,Kurram Agency,KPK,202761.0,14.0,0.006904680880445451,0
2024,Lahore,Punjab,5967262.0,166346.0,2.787643646281997,0
2024,Lakki Marwat,KPK,162621.0,151.0,0.09285393645347156,0
2024,Larkana,Sindh,865829.0,6130.0,0.7079919938001614,0
2024,Layyah,Punjab,916685.0,4317.0,0.4709360358247381,0
2024,Lodhran,Punjab,798412.0,4821.0,0.6038235898258042,0
2024,Lower Dir,KPK,870852.0,608.0,0.06981668526913873,0
2024,Mainwali,Punjab,731558.0,12834.0,1.754338001908256,0
2024,Malakand,KPK,468451.0,344.0,0.07343350745328753,0
2024,Malir,Sindh,747616.0,2192.0,0.29319864743397683,0
2024,Mandi Baha-Ul-Din,Punjab,1215082.0,33749.0,2.777508020034862,0
2024,Mansehra,KPK,582844.0,3659.0,0.6277837637515357,0
2024,Mansehra Cum Tor Ghar,KPK,235143.0,794.0,0.3376668665450386,0
2024,Mardan,KPK,1198202.0,35230.0,2.9402387911220313,0
2024,Matiari,Sindh,417629.0,2616.0,0.6263932820757179,0
2024,Mirpur Khas,Sindh,864682.0,99201.0,11.472541350461789,0
2024,Mohmand Agency,KPK,342427.0,7797.0,2.276981663245013,0
2024,Multan,Punjab,2575259.0,15617.0,0.6064244411921286,0
2024,Musa Khail-cum-Barkhan-cum-Loralai-cum-Duki,Balochistan,193508.0,1653.0,0.8542282489612832,0
2024,Muzaffargarh,Punjab,1477669.0,13423.0,0.9083901739834834,0
2024,Nankana Sahib,Punjab,651221.0,9826.0,1.5088579760173582,0
2024,Narowal,Punjab,1238140.0,52748.0,4.260261359781608,0
2024,Naushehro Feroz,Sindh,943165.0,27586.0,2.9248328765380394,0
2024,North Waziristan Agency,KPK,245616.0,434.0,0.1766985864113087,0
2024,Nowshera,KPK,645513.0,4352.0,0.6741924639782623,0
2024,Okara,Punjab,2079837.0,115970.0,5.575917728168121,0
2024,Pakpattan,Punjab,840218.0,25172.0,2.9958891620984076,0
2024,Panjgur-cum-Kech,Balochistan,225058.0,196.0,0.08708866158945694,0
2024,Peshawar,KPK,1940449.0,11974.0,0.6170736772777846,0
2024,Pishin-cum -Ziarat,Balochistan,104156.0,4036.0,3.874956795575867,0
2024,Quetta,Balochistan,524530.0,3696.0,0.704630812346291,0
2024,Rahim Yar Khan,Punjab,2721478.0,80696.0,2.9651534938000603,0
2024,Rajan Pur,Punjab,936197.0,93739.0,10.012743044466069,0
2024,Rawalpindi,Punjab,2255143.0,59591.0,2.642448838055946,0
2024,Rawalpindi cum Muree,Punjab,681236.0,14838.0,2.1780998068217183,0
2024,Sahiwal,Punjab,1082450.0,28458.0,2.6290359831862906,0
2024,Sanghar,Sindh,1208503.0,2965.0,0.24534486054234042,0
2024,Sargodha,Punjab,2632006.0,19230.0,0.7306214347535682,0
2024,Shaheed Benazirabad,Sindh,925979.0,9481.0,1.0238893106647127,0
2024,Shangla,KPK,465602.0,54311.0,11.66468357094686,0
2024,Sheikhupura,Punjab,1269378.0,88980.0,7.009732325595685,0
2024,Sherani cum zhob  cum killa saifullah,Balochistan,323588.0,1505.0,0.4650975932358431,0
2024,Shikarpur,Sindh,506338.0,3512.0,0.6936078271826329,0
2024,Sialkot,Punjab,2401353.0,9785.0,0.40747861726285145,0
2024,Sohbat Pur-cum-Jaffarabad-cum-Usta Mohammad-cum-Na,Balochistan,265168.0,88.0,0.033186508175948835,0
2024,South wazristan upper cum lower,KPK,136306.0,257.0,0.1885463589277068,0
2024,Sujawal,Sindh,424328.0,6301.0,1.484936181444543,0
2024,Sukkur,Sindh,608943.0,786.0,0.12907612042506442,0
2024,Surab,Balochistan,300082.0,95.0,0.03165801347631647,0
2024,Swabi,KPK,557799.0,1308.0,0.23449307008438525,0
2024,Swat,KPK,1182930.0,90900.0,7.684309299789506,0
2024,Talang cum Chakwal,Punjab,342427.0,18.0,0.005256594836271672,0
2024,Tando Allahyar,Sindh,451632.0,807.0,0.17868530130725901,0
2024,Tando Muhammad Khan,Sindh,356444.0,23810.0,6.679871171909192,0
2024,Tank cum Dera Ismail Khan,KPK,224849.0,150.0,0.06671143745357996,0
2024,Taunsa,Punjab,239745.0,1458.0,0.6081461552899956,0
2024,Tharparkar,Sindh,723591.0,20393.0,2.8183048158420987,0
2024,Thatta,Sindh,254835.0,3240.0,1.2714109129436693,0
2024,Toba Tek Singh,Punjab,1215774.0,7840.0,0.6448566921154755,0
2024,Umerkot,Sindh,207189.0,335.0,0.16168812050832815,0
2024,Upper Dir,KPK,590433.0,361.0,0.06114156898411843,0
2024,Wazirabad,Punjab,646872.0,3967.0,0.6132588827465093,0
2024,Ziarat cum harnai cum sibi cum Kohlu cum Dera Bugt,Balochistan,453352.0,46683.0,10.297296581905451,0
2024,khanewal,Punjab,1939339.0,235350.0,12.13557815317487,0
2024,vehari,Punjab,1403617.0,45682.0,3.254591530310619,0
